{"cameraMode":{"drawMode":0,"name":"Shaded","section":"Shading Mode"},"sceneLighting":false,"audioPlay":false,"sceneViewState":{"m_AlwaysRefresh":false,"showFog":true,"showSkybox":false,"showFlares":true,"showImageEffects":true,"showParticleSystems":true,"showVisualEffectGraphs":true,"m_FxEnabled":true},"in2DMode":false,"pivot":{"x":-0.6000000238418579,"y":-0.20000004768371583,"z":2.55368709564209},"rotation":{"x":-0.052616409957408908,"y":0.7099649906158447,"z":-0.05334790423512459,"w":-0.7002414464950562},"size":3.9653429985046388,"orthographic":false}